id,name,birth_year,death_year,birth_place_raw,country,region,period,wikidata,lifespan
jorge_jinkis,Jorge Jinkis,1943.0,,Argentina,Argentina,Latin America,World Wars Era,,
eduardo_gruner,Eduardo Grüner,1946.0,,Argentina,Argentina,Latin America,Contemporary,http://www.wikidata.org/entity/Q56582734,
luis_gusman,Luis Gusmán,1944.0,,Argentina,Argentina,Latin America,World Wars Era,http://www.wikidata.org/entity/Q5679615,
platon,Platón,-428.0,-348.0,Grecia Antigua,Greece,Southern Europe / Classical,Classical Antiquity,http://www.wikidata.org/entity/Q859,80.0
soren_kierkegaard,Søren Kierkegaard,1813.0,1855.0,Dinamarca,Denmark,Scandinavia,Revolutionary Era,http://www.wikidata.org/entity/Q6512,42.0
jesus,de Nazaret Jesús,-4.0,30.0,Imperio Romano (Judea),Imperio Romano,Other/Unknown,Hellenistic/Roman,http://www.wikidata.org/entity/Q302,34.0
michel_foucault,Michel Foucault,1926.0,1984.0,Francia,France,Western Europe,World Wars Era,http://www.wikidata.org/entity/Q44272,58.0
mario_levin,Mario Levin,1944.0,,Argentina,Argentina,Latin America,World Wars Era,,
freud,Sigmund Freud,1856.0,1939.0,Imperio Austríaco (actual República Checa),Imperio Austríaco,Other/Unknown,Long 19th Century,http://www.wikidata.org/entity/Q9215,83.0
ramon_alcalde,Ramón Alcalde,1951.0,2021.0,Argentina,Argentina,Latin America,Contemporary,http://www.wikidata.org/entity/Q75653349,70.0
ronald_reagan,Ronald Reagan,1911.0,2004.0,Estados Unidos,United States,North America,Long 19th Century,http://www.wikidata.org/entity/Q9960,93.0
balzac,Honoré Balzac,1799.0,1850.0,Francia,France,Western Europe,Revolutionary Era,http://www.wikidata.org/entity/Q9711,51.0
karl_marx,Karl Marx,1818.0,1883.0,Prusia (actual Alemania),Germany,Western Europe,Revolutionary Era,http://www.wikidata.org/entity/Q9061,65.0
san_agustin,de Hipona Agustín,354.0,430.0,Imperio Romano (actual Argelia),Imperio Romano,Other/Unknown,Hellenistic/Roman,http://www.wikidata.org/entity/Q8018,76.0
jean_paul_sartre,Jean-Paul Sartre,1905.0,1980.0,Francia,France,Western Europe,Long 19th Century,http://www.wikidata.org/entity/Q9364,75.0
juan_domingo_peron,Juan Domingo Perón,1895.0,1974.0,"Lobos, Argentina",Argentina,Latin America,Long 19th Century,http://www.wikidata.org/entity/Q93330,79.0
david_vinias,David Viñas,1927.0,2011.0,"Buenos Aires, Argentina",Argentina,Latin America,World Wars Era,http://www.wikidata.org/entity/Q965392,84.0
leopoldo_galtieri,Leopoldo Fortunato Galtieri,1926.0,2003.0,"Caseros, Argentina",Argentina,Latin America,World Wars Era,http://www.wikidata.org/entity/Q124993,77.0
raul_alfonsin,Raúl Alfonsín,1927.0,2009.0,"Chascomús, Argentina",Argentina,Latin America,World Wars Era,http://www.wikidata.org/entity/Q193062,82.0
basilio_lami_dozo,Basilio Lami Dozo,1929.0,2017.0,"Santiago del Estero, Argentina",Argentina,Latin America,World Wars Era,http://www.wikidata.org/entity/Q2886883,88.0
francois_mitterrand,François Mitterrand,1916.0,1996.0,"Jarnac, Francia",France,Western Europe,World Wars Era,http://www.wikidata.org/entity/Q2038,80.0
jorge_anaya,Jorge Isaac Anaya,1926.0,2008.0,"Bahía Blanca, Argentina",Argentina,Latin America,World Wars Era,http://www.wikidata.org/entity/Q2714985,82.0
beatriz_sarlo,Beatriz Sarlo,1942.0,2024.0,"Buenos Aires, Argentina",Argentina,Latin America,World Wars Era,http://www.wikidata.org/entity/Q4408686,82.0
antonio_gramsci,Antonio Gramsci,1891.0,1937.0,"Ales, Italia",Italy,Western Europe,Long 19th Century,http://www.wikidata.org/entity/Q83003,46.0
juan_carlos_ongania,Juan Carlos Onganía,1914.0,1995.0,"Marcos Paz, Argentina",Argentina,Latin America,World Wars Era,http://www.wikidata.org/entity/Q365326,81.0
algirdas_greimas,Algirdas Julien Greimas,1917.0,1992.0,"Tula, Rusia",Russia,Eastern Europe,World Wars Era,http://www.wikidata.org/entity/Q313379,75.0
julia_kristeva,Julia Kristeva,1941.0,,"Sliven, Bulgaria","Sliven, Bulgaria",Other/Unknown,World Wars Era,http://www.wikidata.org/entity/Q159876,
carl_von_clausewitz,Carl von Clausewitz,1780.0,1831.0,"Burg bei Magdeburg, Alemania",Germany,Western Europe,Early Modern,http://www.wikidata.org/entity/Q76430,51.0
cesar_jaroslavsky,César Jaroslavsky,1928.0,2002.0,"Victoria, Entre Ríos, Argentina",Argentina,Latin America,World Wars Era,http://www.wikidata.org/entity/Q5202568,74.0
juan_octavio_gauna,Juan Octavio Gauna,1937.0,2023.0,"Buenos Aires, Argentina",Argentina,Latin America,World Wars Era,http://www.wikidata.org/entity/Q28028564,86.0
jose_severo_caballero,José Severo Caballero,1926.0,1993.0,"Córdoba, Argentina",Argentina,Latin America,World Wars Era,http://www.wikidata.org/entity/Q17612296,67.0
augusto_belluscio,Augusto César Belluscio,1930.0,,"Buenos Aires, Argentina",Argentina,Latin America,World Wars Era,http://www.wikidata.org/entity/Q17612294,
carlos_fayt,Carlos Santiago Fayt,1918.0,2016.0,"Salta, Argentina",Argentina,Latin America,World Wars Era,http://www.wikidata.org/entity/Q5042066,98.0
enrique_petracchi,Enrique Santiago Petracchi,1935.0,2014.0,"Buenos Aires, Argentina",Argentina,Latin America,World Wars Era,http://www.wikidata.org/entity/Q2889498,79.0
norberto_cozzani,Norberto Ricardo Cozzani,1942.0,,"Buenos Aires, Argentina",Argentina,Latin America,World Wars Era,,
jorge_antonio_berges,Jorge Antonio Bergés,1942.0,,"Buenos Aires, Argentina",Argentina,Latin America,World Wars Era,http://www.wikidata.org/entity/Q5547964,
jorge_bacque,Jorge Antonio Bacqué,1922.0,2014.0,"Buenos Aires, Argentina",Argentina,Latin America,World Wars Era,http://www.wikidata.org/entity/Q17579943,92.0
ramon_camps,Ramón Juan Alberto Camps,1927.0,1994.0,"Paraná, Entre Ríos, Argentina",Argentina,Latin America,World Wars Era,http://www.wikidata.org/entity/Q7290454,67.0
alejandro_katz,Gabriel Alejandro Katz,1960.0,,"Buenos Aires, Argentina",Argentina,Latin America,Contemporary,,
miguel_etchecolatz,Miguel Osvaldo Etchecolatz,1929.0,2022.0,"Azul, Argentina",Argentina,Latin America,World Wars Era,http://www.wikidata.org/entity/Q369733,93.0
dante_caputo,Dante Mario Antonio Caputo,1943.0,2018.0,"Buenos Aires, Argentina",Argentina,Latin America,World Wars Era,http://www.wikidata.org/entity/Q1164999,75.0
juan_sourrouille,Juan Vital Sourrouille,1940.0,2021.0,"Buenos Aires, Argentina",Argentina,Latin America,World Wars Era,http://www.wikidata.org/entity/Q2835664,81.0
mohamed_seineldin,Mohamed Alí Seineldín,1933.0,2009.0,"Concepción del Uruguay, Entre Ríos, Argentina",Argentina,Latin America,World Wars Era,http://www.wikidata.org/entity/Q607425,76.0
guillermo_fierro,Guillermo Jorge Fierro,1930.0,2011.0,"Buenos Aires, Argentina",Argentina,Latin America,World Wars Era,,81.0
adolf_eichmann,Otto Adolf Eichmann,1906.0,1962.0,"Solingen, Alemania",Germany,Western Europe,Long 19th Century,http://www.wikidata.org/entity/Q28085,56.0
jose_caridi,José Dante Caridi,1930.0,2012.0,"Buenos Aires, Argentina",Argentina,Latin America,World Wars Era,http://www.wikidata.org/entity/Q5938739,82.0
jose_rivanera,José Nicolás Rivanera,1928.0,2004.0,"Buenos Aires, Argentina",Argentina,Latin America,World Wars Era,,76.0
alfredo_astiz,Alfredo Ignacio Astiz,1951.0,,"Mar del Plata, Argentina",Argentina,Latin America,Contemporary,http://www.wikidata.org/entity/Q512547,
horacio_gonzalez,Horacio Luis González,1944.0,2021.0,"Buenos Aires, Argentina",Argentina,Latin America,World Wars Era,http://www.wikidata.org/entity/Q5902375,77.0
osvaldo_bayer,Osvaldo Jorge Bayer,1927.0,2018.0,"Santa Fe, Argentina",Argentina,Latin America,World Wars Era,http://www.wikidata.org/entity/Q366890,91.0
reynaldo_bignone,Reynaldo Benito Antonio Bignone,1928.0,2018.0,"Morón, Argentina",Argentina,Latin America,World Wars Era,http://www.wikidata.org/entity/Q298430,90.0
julio_martinez_vivot,Julio César Martínez Vivot,1923.0,2005.0,"Buenos Aires, Argentina",Argentina,Latin America,World Wars Era,http://www.wikidata.org/entity/Q5955490,82.0
raul_borras,Raúl Andrés Borrás,1933.0,1985.0,Argentina,Argentina,Latin America,World Wars Era,http://www.wikidata.org/entity/Q5490895,52.0
oscar_landi,Oscar Landi,1939.0,2003.0,"Buenos Aires, Argentina",Argentina,Latin America,World Wars Era,http://www.wikidata.org/entity/Q6053902,64.0
dalmiro_saenz,Dalmiro Antonio Sáenz,1926.0,2016.0,"Buenos Aires, Argentina",Argentina,Latin America,World Wars Era,http://www.wikidata.org/entity/Q5797695,90.0
jose_felix_uriburu,José Félix Uriburu,1868.0,1932.0,"Salta, Argentina",Argentina,Latin America,Long 19th Century,http://www.wikidata.org/entity/Q363555,64.0
eliseo_veron,Eliseo Verón,1935.0,2014.0,"Buenos Aires, Argentina",Argentina,Latin America,World Wars Era,http://www.wikidata.org/entity/Q1330696,79.0
oswald_ducrot,Oswald Ducrot,1930.0,2024.0,"París, Francia",France,Western Europe,World Wars Era,http://www.wikidata.org/entity/Q3357508,94.0
francois_recanati,François Recanati,1952.0,,"París, Francia",France,Western Europe,Contemporary,http://www.wikidata.org/entity/Q3085655,
jean_francois_lyotard,Jean-François Lyotard,1924.0,1998.0,"Vincennes, Francia",France,Western Europe,World Wars Era,http://www.wikidata.org/entity/Q193257,74.0
lucia_aseff,Lucía María Aseff,,,"Rosario, Argentina",Argentina,Latin America,Unknown,,
noam_chomsky,Avram Noam Chomsky,1928.0,,"Filadelfia, Estados Unidos",United States,North America,World Wars Era,http://www.wikidata.org/entity/Q9049,
charles_de_gaulle,Charles André Joseph Marie de Gaulle,1890.0,1970.0,"Lille, Francia",France,Western Europe,Long 19th Century,http://www.wikidata.org/entity/Q2042,80.0
oscar_igounet_padre,Oscar Pablo Igounet,1918.0,2008.0,"Buenos Aires, Argentina",Argentina,Latin America,World Wars Era,,90.0
oscar_igounet_hijo,Oscar Igounet,,,,,Other/Unknown,Unknown,,
ovidio_riccheri,Ovidio P. Riccheri,1906.0,2004.0,"Buenos Aires, Argentina",Argentina,Latin America,Long 19th Century,,98.0
tomas_de_torquemada,Tomás de Torquemada,,,,,Other/Unknown,Unknown,,
